{"<s> my": 0.5, "<s> i": 0.125, "<s> we": 0.125, "<s> although": 0.125, "<s> we're": 0.125, "my family": 0.14285714285714285, "my father": 0.42857142857142855, "my mother": 0.42857142857142855, "family is": 0.5, "family how": 0.5, "is a": 0.8, "is very": 0.2, "a rather": 0.16666666666666666, "a doctor": 0.16666666666666666, "a middle-school": 0.16666666666666666, "a student": 0.16666666666666666, "a little": 0.16666666666666666, "a happy": 0.16666666666666666, "rather small": 1.0, "small one": 1.0, "one with": 0.5, "one another": 0.5, "with only": 1.0, "only three": 1.0, "three people": 1.0, "people my": 1.0, "father my": 0.3333333333333333, "father is": 0.6666666666666666, "mother and": 0.3333333333333333, "mother is": 0.6666666666666666, "and me": 0.5, "and soft": 0.5, "me </s>": 1.0, "</s> <s>": 0.875, "doctor </s>": 1.0, "middle-school teacher": 1.0, "teacher </s>": 1.0, "i am": 1.0, "am still": 1.0, "still a": 1.0, "student </s>": 1.0, "very gentle": 0.3333333333333333, "very much": 0.3333333333333333, "very soon": 0.3333333333333333, "gentle and": 1.0, "soft while": 1.0, "while my": 1.0, "little bit": 1.0, "bit hot-tempered": 1.0, "hot-tempered </s>": 1.0, "we love": 0.3333333333333333, "we might": 0.3333333333333333, "we will": 0.3333333333333333, "love each": 1.0, "each other": 1.0, "other very": 1.0, "much </s>": 1.0, "although sometimes": 1.0, "sometimes we": 1.0, "might become": 1.0, "become angry": 1.0, "angry at": 1.0, "at one": 1.0, "another very": 1.0, "soon we": 1.0, "will forget": 1.0, "forget the": 1.0, "the unpleasant": 1.0, "unpleasant things": 1.0, "things </s>": 1.0, "we're a": 1.0, "happy family": 1.0, "how about": 1.0, "about you": 1.0, "you </s>": 1.0}